Coin,classification,Avg_PnL,Total_PnL
@1,Extreme Greed,18.35805774074074,495.667559
@1,Fear,0.0,0.0
@1,Greed,0.1797798333333335,1.078679000000001
@10,Extreme Fear,-0.031742,-0.063484
@10,Fear,0.0,0.0
@10,Greed,0.0,0.0
@100,Extreme Greed,6.9067855,27.627142
@103,Extreme Greed,6.812669,34.063345
@103,Greed,2.2473455,4.494691
@107,Extreme Fear,-89.5887875576037,-136085.3683
@107,Extreme Greed,191.1582114651543,1988618.873872
@107,Fear,-2.2912565496155253,-12514.843273999999
@107,Greed,86.25176302214813,724342.30586
@107,Neutral,52.15010709216152,219551.950858
@109,Extreme Greed,0.9092509999999999,2.727753
@109,Fear,0.0,0.0
@109,Greed,416.2189364615385,5410.846174
@109,Neutral,0.510213,0.510213
@11,Fear,0.0,0.0
@112,Extreme Greed,-13.289846599999999,-66.44923299999999
@112,Greed,7.1672545,14.334509
@113,Extreme Greed,5.165235666666667,15.495707
@113,Greed,0.7152565,1.430513
@114,Greed,0.6545385,1.309077
@116,Extreme Greed,0.083239,0.249717
@116,Greed,0.736616,1.473232
@117,Extreme Greed,0.0,0.0
@117,Greed,2.3158445,4.631689
@12,Extreme Greed,0.0,0.0
@12,Greed,0.0,0.0
@123,Extreme Greed,0.0,0.0
@124,Extreme Greed,-16.0754845,-128.603876
@125,Extreme Greed,20.636525260869565,474.640081
@125,Greed,-17.395919000000003,-104.37551400000001
@13,Extreme Fear,-0.061895,-0.12379
@13,Fear,0.0,0.0
@135,Extreme Greed,-5981.36399,-5981.36399
@138,Fear,15.71019,31.42038
@138,Neutral,9.765152,19.530304
@14,Fear,0.0,0.0
@142,Extreme Fear,15.529335370370372,1257.8761650000001
@142,Fear,1.8444869280000005,461.1217320000001
@142,Greed,1.6774342015037595,1115.493744
@142,Neutral,14.747182207667732,4615.868031
@147,Greed,-70.1265388,-350.632694
@15,Fear,0.0,0.0
@151,Fear,-1.4904160666666668,-44.712482
@151,Greed,39.960670965635735,11628.555251
@151,Neutral,0.0,0.0
@152,Fear,0.006818159090909091,0.599998
@153,Fear,0.020609892857142854,0.577077
@153,Greed,0.47452041095890407,34.63999
@153,Neutral,0.0,0.0
@16,Extreme Fear,-0.0302145,-0.060429
@16,Fear,0.0,0.0
@16,Greed,0.0,0.0
@17,Greed,0.0,0.0
@18,Greed,0.0,0.0
@19,Greed,0.0,0.0
@2,Extreme Greed,-0.453973,-0.907946
@2,Greed,0.0,0.0
@20,Fear,0.0,0.0
@20,Greed,0.0,0.0
@20,Neutral,0.22562323809523807,4.738087999999999
@21,Greed,0.0,0.0
@23,Fear,0.0,0.0
@23,Greed,0.0,0.0
@23,Neutral,0.0,0.0
@24,Extreme Greed,-0.001468,-0.002936
@24,Greed,0.0,0.0
@25,Greed,0.0,0.0
@26,Extreme Fear,-0.032252249999999996,-0.25801799999999997
@26,Fear,0.0,0.0
@26,Greed,0.0,0.0
@28,Fear,0.0,0.0
@28,Neutral,0.0,0.0
@29,Extreme Fear,-0.0195935,-0.078374
@29,Fear,0.0,0.0
@29,Greed,0.0,0.0
@3,Fear,0.0,0.0
@3,Neutral,0.03854283333333333,0.462514
@30,Fear,0.0,0.0
@31,Extreme Greed,16.6061365,33.212273
@31,Greed,0.0,0.0
@32,Greed,0.0,0.0
@33,Extreme Greed,4.522309666666667,13.566929
@33,Greed,0.0,0.0
@34,Greed,0.0,0.0
@35,Extreme Fear,33.5140635,67.028127
@35,Fear,0.0,0.0
@35,Greed,0.0,0.0
@36,Extreme Greed,7.8315365,15.663073
@36,Greed,0.0,0.0
@37,Extreme Greed,32.075795666666664,288.682161
@37,Fear,0.0,0.0
@37,Greed,3.3923466666666666,10.17704
@38,Extreme Fear,33.271993,33.271993
@38,Fear,0.0,0.0
@38,Neutral,0.0,0.0
@39,Extreme Fear,12.238556,12.238556
@39,Fear,0.0,0.0
@4,Extreme Fear,-13.8107095625,-1104.856765
@4,Extreme Greed,5.794838525,231.793541
@4,Fear,6.795691004166667,1630.965841
@4,Greed,0.0,0.0
@4,Neutral,-3.246641041825095,-853.866594
@40,Extreme Fear,16.748319,16.748319
@40,Extreme Greed,-0.656948,-4.598636
@40,Fear,0.0,0.0
@41,Extreme Fear,36.73844,36.73844
@41,Fear,0.0,0.0
@41,Greed,0.0,0.0
@41,Neutral,0.0,0.0
@42,Neutral,0.0,0.0
@44,Fear,0.0,0.0
@44,Greed,0.0,0.0
@44,Neutral,0.0,0.0
@45,Fear,0.0,0.0
@46,Fear,0.0,0.0
@47,Extreme Fear,25.156729,50.313458
@47,Fear,0.0,0.0
@47,Greed,0.0,0.0
@48,Fear,0.0,0.0
@49,Extreme Fear,-10.178054249999999,-40.712216999999995
@49,Fear,0.0,0.0
@51,Extreme Fear,0.0,0.0
@51,Extreme Greed,-1.33010825,-5.320433
@51,Fear,-3.793198855263158,-288.283113
@51,Greed,-2.070723888888889,-37.27303
@51,Neutral,0.0,0.0
@53,Extreme Greed,16.2721895,32.544379
@53,Fear,0.0,0.0
@53,Greed,35.320328,35.320328
@59,Extreme Greed,57.49353907142857,804.909547
@59,Fear,0.0,0.0
@59,Greed,159.2905509090909,1752.19606
@59,Neutral,0.0,0.0
@6,Greed,0.0,0.0
@61,Fear,0.0,0.0
@63,Greed,-10.331773,-20.663546
@68,Extreme Greed,0.0,0.0
@7,Greed,0.0,0.0
@74,Extreme Greed,53.09046414285714,371.633249
@74,Neutral,0.0,0.0
@78,Fear,0.0,0.0
@78,Greed,0.0,0.0
@78,Neutral,0.0,0.0
@8,Extreme Fear,1.4323124999999999,51.56325
@8,Extreme Greed,-0.1468875,-0.58755
@8,Fear,0.8465517348484849,111.74482900000001
@8,Greed,0.0,0.0
@8,Neutral,0.0,0.0
@83,Extreme Greed,0.0,0.0
@83,Greed,-7.1406081666666665,-42.843649
@83,Neutral,-348.26323533333334,-1044.789706
@85,Extreme Greed,291.81915292307696,18968.24494
@85,Fear,0.0,0.0
@85,Greed,279.18129885185186,7537.895069
@85,Neutral,0.0,0.0
@86,Extreme Greed,0.0,0.0
@9,Extreme Greed,-29.2824445,-58.564889
@9,Neutral,0.0,0.0
@93,Greed,7.977398,15.954796
@95,Extreme Greed,-14.7190305,-29.438061
AAVE,Extreme Fear,0.0,0.0
AAVE,Extreme Greed,40.82326403017242,9470.997255
AAVE,Fear,21.9679710625,3163.387833
AAVE,Greed,3.370490408450704,478.609638
AAVE,Neutral,-106.18842909433963,-5627.986742
ACE,Extreme Greed,110.4285964,2760.71491
ADA,Extreme Fear,-182.08131859302324,-31317.986797999998
ADA,Extreme Greed,5.530399550943396,1465.555881
ADA,Fear,14.167630808333334,1700.115697
ADA,Greed,1.723159090909091,18.95475
ADA,Neutral,1.5306538461538464,19.898500000000002
AI,Extreme Fear,0.0,0.0
AI,Extreme Greed,-0.27304933333333337,-1.6382960000000002
AI,Fear,1.8634917999999998,37.269836
AI,Greed,3.482036235294118,59.194616
AI,Neutral,0.0,0.0
AI16Z,Extreme Fear,99.000812,1782.014616
AI16Z,Extreme Greed,9.748858268085106,2290.981693
AI16Z,Fear,50.199810794871794,1957.792621
AI16Z,Greed,23.24016665671642,3114.182332
AI16Z,Neutral,-9.829987666666668,-1120.618594
AIXBT,Extreme Fear,0.0,0.0
AIXBT,Extreme Greed,7.42062374117647,1261.506036
AIXBT,Fear,76.79442265925925,10367.247059
AIXBT,Greed,125.28921595624999,40092.549106
AIXBT,Neutral,124.94810621590909,21990.866694
ALGO,Extreme Greed,7.30256,14.60512
ALGO,Greed,-0.0621,-0.2484
ALGO,Neutral,4.0068,4.0068
ALT,Extreme Greed,13.370768660377356,708.6507389999999
ALT,Fear,18.256248157894735,1040.606145
ALT,Greed,24.289917837837837,1797.45392
ALT,Neutral,35.753719076923076,2323.99174
ANIME,Extreme Fear,4.225193333333333,12.67558
ANIME,Extreme Greed,33.46367171608833,21215.967868
ANIME,Fear,5.249987777777778,47.24989
ANIME,Greed,30.073953000000003,120.29581200000001
ANIME,Neutral,-7.893111899999999,-78.931119
APE,Extreme Fear,0.7764197,7.764197
APE,Extreme Greed,20.255060463157896,5772.692232
APE,Fear,3.555797509090909,195.568863
APE,Greed,11.942590462046205,3618.60491
APE,Neutral,3.5071727692307695,136.779738
APT,Extreme Fear,0.0,0.0
APT,Extreme Greed,5.1466096875,247.037265
APT,Fear,31.175798874999998,1496.438346
APT,Greed,0.0,0.0
APT,Neutral,5.714354,5.714354
AR,Extreme Greed,15.644784615384614,203.38219999999998
ARB,Extreme Fear,14.8265679,148.265679
ARB,Extreme Greed,4.446950857142857,124.514624
ARB,Fear,797.0925143636364,8768.017658
ARB,Greed,6.160784168674699,511.345086
ARB,Neutral,5.4958008666666665,82.437013
ARK,Extreme Greed,6.53457,26.13828
ARK,Fear,0.9695270714285715,27.146758000000002
ARK,Greed,-6.5239375,-26.09575
ATOM,Extreme Greed,1.1589624210526315,88.081144
ATOM,Greed,0.0,0.0
ATOM,Neutral,0.15312,0.15312
AVAX,Extreme Fear,10.324872285714285,433.644636
AVAX,Extreme Greed,2.09846076119403,140.596871
AVAX,Fear,7.45803752,186.450938
AVAX,Greed,262.96847423913044,12096.549815
AVAX,Neutral,1610.9123447727272,35440.071585
BABY,Fear,32.909933333333335,98.7298
BADGER,Extreme Greed,0.309638,0.309638
BADGER,Greed,7.615997857142857,1439.423595
BANANA,Greed,-11.640741142857143,-81.48518800000001
BANANA,Neutral,0.0,0.0
BERA,Extreme Fear,64.31332038829787,12090.904233
BERA,Fear,-0.08131295294117644,-27.646403999999986
BERA,Greed,202.04748907281552,83243.565498
BERA,Neutral,-189.6234801754386,-21617.07674
BIGTIME,Extreme Greed,54.05952379310345,1567.72619
BIGTIME,Greed,12.953008571428573,272.01318000000003
BIGTIME,Neutral,-1.1952,-1.1952
BIO,Extreme Greed,2.48414375,19.87315
BIO,Greed,7.892833975308642,1278.639104
BLAST,Extreme Greed,9.712390274509804,495.331904
BLAST,Greed,19.427002428571427,135.989017
BLAST,Neutral,1.065303,1.065303
BLUR,Extreme Greed,6.758981371428571,236.564348
BLUR,Fear,6.369572,31.847859999999997
BLUR,Greed,89.91723323529412,3057.18593
BLUR,Neutral,6.88275175,27.531007
BNB,Extreme Fear,22.87815590909091,503.31943
BNB,Extreme Greed,1.9969951666666665,23.963942
BNB,Fear,-10.237245694444445,-737.08169
BNB,Greed,0.20891258064516116,6.476289999999996
BNB,Neutral,26.659105263157894,506.52299999999997
BNT,Extreme Greed,-1.760528,-17.60528
BOME,Extreme Greed,21.37104,21.37104
BOME,Greed,0.0,0.0
BOME,Neutral,-3.040979333333333,-9.122938
BRETT,Extreme Greed,7.3061066384615385,949.793863
BRETT,Greed,0.4027428571428571,5.6384
BRETT,Neutral,2.8551,2.8551
BTC,Extreme Fear,1.7319208572237954,3056.840312999999
BTC,Extreme Greed,41.4132639954844,100882.711093
BTC,Fear,48.90067315663627,482649.644056
BTC,Greed,15.949612092403314,115475.191549
BTC,Neutral,34.92117517925521,165980.345627
CAKE,Extreme Greed,32.96646338461539,428.564024
CAKE,Greed,0.0,0.0
CAKE,Neutral,14.494700658536585,594.282727
CANTO,Greed,-18.849813000000005,-188.49813000000003
CHILLGUY,Extreme Greed,26.559158649425285,4621.293605
CHILLGUY,Fear,9.029051666666666,27.087155
CHILLGUY,Greed,0.6049995172413792,17.544985999999998
CHILLGUY,Neutral,6.8743155555555555,61.86884
COMP,Extreme Greed,17.209106860465116,1479.9831900000001
COMP,Fear,148.26831488888888,1334.414834
CRV,Fear,-0.40078783199999996,-50.098479
CRV,Greed,-92.27877123076922,-1199.624026
CYBER,Extreme Greed,191.5296,191.5296
CYBER,Greed,0.0,0.0
DOGE,Extreme Fear,0.0,0.0
DOGE,Extreme Greed,42.5337740204499,20799.015496
DOGE,Fear,658.94759225,7907.371107
DOGE,Greed,10.659519873239436,3027.3036439999996
DOGE,Neutral,2969.4734945384616,115809.466287
DOT,Extreme Greed,1.9254374772727274,84.719249
DOT,Greed,3.9853533599999995,99.633834
DOT,Neutral,1.826962,9.13481
DYDX,Extreme Fear,0.0,0.0
DYDX,Extreme Greed,13.3861408,468.514928
DYDX,Fear,1.0434446875,50.085345000000004
DYDX,Greed,0.27415933333333337,1.644956
DYDX,Neutral,1.5766046666666667,18.919256
DYM,Extreme Greed,-127.97342549999999,-255.94685099999998
DYM,Greed,24.871337999999998,373.07007
DYM,Neutral,2.884062,5.768124
EIGEN,Extreme Greed,4.171146084507042,296.151372
EIGEN,Fear,295.63191117777774,13303.436002999999
EIGEN,Greed,45.42007123857868,8947.754034
EIGEN,Neutral,1.046983,11.516813
ENA,Extreme Fear,120.34889231578946,2286.628954
ENA,Extreme Greed,65.02467202319588,25229.572745
ENA,Fear,830.6540607046632,160316.233716
ENA,Greed,92.78104470958904,33865.081319
ENA,Neutral,-174.7205272,-4368.01318
ENS,Greed,-1.7803399999999998,-7.121359999999999
ETC,Extreme Greed,83.3618,166.7236
ETC,Greed,0.0,0.0
ETC,Neutral,19.16244,38.32488
ETH,Extreme Fear,196.92766022254128,274320.23069
ETH,Extreme Greed,-20.75892793231225,-42016.070134999994
ETH,Fear,236.86476378421054,675064.576785
ETH,Greed,98.21936567263569,351036.01291399996
ETH,Neutral,46.75329430372057,61574.088597999995
ETHFI,Extreme Greed,0.0,0.0
ETHFI,Fear,138.47867434615384,10801.336599
ETHFI,Greed,219.0964035323741,30454.400091
ETHFI,Neutral,76.37912525714286,2673.269384
FARTCOIN,Extreme Fear,-244.27275434867258,-138014.106207
FARTCOIN,Extreme Greed,21.30144864467005,8392.770766
FARTCOIN,Fear,-11.368853384858044,-10811.779569
FARTCOIN,Greed,18.718422684162896,41367.714132
FARTCOIN,Neutral,-3.060023220754717,-1621.812307
FET,Extreme Greed,20.94322857142857,146.6026
FET,Fear,8.52665,17.0533
FET,Greed,1.6377375,65.5095
FIL,Greed,-7.055718000000001,-35.27859
FTM,Extreme Greed,85.7453980617284,6945.377243
FTM,Greed,-9.738456000000001,-29.215368
FTM,Neutral,0.0008686,0.004343
FTT,Extreme Fear,37.156913304347825,854.609006
FTT,Extreme Greed,2.7938068987783597,1600.851353
FTT,Fear,26.669027808510638,1253.444307
FTT,Greed,2.7274699964157705,2282.892387
FTT,Neutral,11.469583925,917.566714
FXS,Extreme Greed,1.1101225384615385,28.863186
FXS,Greed,-2.0105719733333336,-150.792898
GALA,Extreme Greed,5.83045808,145.761452
GALA,Fear,9.394362,18.788724
GALA,Greed,0.5896742727272728,6.486417
GALA,Neutral,4.367143666666666,13.101431
GAS,Neutral,30.30695,60.6139
GMT,Extreme Fear,1.544824,4.634472
GMT,Extreme Greed,3.617634692307692,188.11700399999998
GMT,Fear,4.78001692,119.500423
GMT,Greed,0.23478523809523813,4.930490000000001
GMT,Neutral,3.8157840000000003,11.447352
GMX,Extreme Fear,47.87775307692308,622.41079
GMX,Extreme Greed,1.0851810175438596,61.855318
GMX,Greed,0.0,0.0
GMX,Neutral,1.0834004285714285,15.167606
GOAT,Extreme Fear,14.905763333333333,44.71729
GOAT,Extreme Greed,86.65039076086956,7971.83595
GOAT,Greed,13.858575000000002,110.86860000000001
GOAT,Neutral,15.5193,15.5193
GRASS,Extreme Fear,15.24201538235294,1036.457046
GRASS,Extreme Greed,1.4276074833333334,85.65644900000001
GRASS,Fear,1.5238564210526315,28.953272
GRASS,Greed,1.6642980408163266,81.550604
GRASS,Neutral,4.1311236,20.655617999999997
GRIFFAIN,Extreme Fear,-94.52310675,-378.092427
GRIFFAIN,Extreme Greed,15.36519072826087,4240.792641
GRIFFAIN,Fear,18.194373533333334,1910.409221
GRIFFAIN,Greed,16.207949352941178,1928.745973
GRIFFAIN,Neutral,-10.51233470689655,-609.7154129999999
HBAR,Extreme Greed,9.726572857142857,1770.23626
HBAR,Greed,2.3712373454545457,130.418054
HBAR,Neutral,8.85375,8.85375
HPOS,Extreme Greed,-33.94726373076923,-882.6288569999999
HPOS,Greed,31.182600193181816,2744.068817
HPOS,Neutral,10.717960909090909,117.89757
HYPE,Extreme Fear,46.904437527631835,482083.808909
HYPE,Extreme Greed,28.098989355797993,159686.556509
HYPE,Fear,30.06355240155987,840306.353176
HYPE,Greed,24.569011680455016,166307.640065
HYPE,Neutral,17.32280311140614,300100.241102
HYPER,Greed,28.208829032258066,874.4737
ILV,Extreme Greed,46.74189061764706,4767.672843
ILV,Greed,9.66917825,541.473982
ILV,Neutral,-0.04207,-0.04207
IMX,Extreme Greed,1.9509583333333333,70.2345
IMX,Greed,29.104531249999997,465.67249999999996
IMX,Neutral,4.30904,4.30904
INIT,Greed,11.758087096774194,364.5007
INJ,Extreme Greed,23.02509423809524,2901.161874
INJ,Greed,94.331766375,3018.616524
IO,Extreme Fear,0.03682,0.07364
IO,Extreme Greed,-3.3026596666666665,-188.251601
IO,Fear,0.0,0.0
IO,Greed,-77.39447337010677,-21747.847017
IO,Neutral,4.679384444444445,42.11446
IOTA,Greed,-0.350692,-2.454844
IP,Extreme Fear,25.9612,311.5344
IP,Fear,5.344952963855421,1774.5243839999998
IP,Neutral,7.65783456,957.22932
JELLY,Extreme Fear,38.78287448192771,3218.978582
JELLY,Extreme Greed,74.78081631944444,5384.218774999999
JELLY,Fear,26.861150227765727,12382.990255
JELLY,Greed,78.44149808823529,10668.04374
JELLY,Neutral,14.747853716666667,3539.484892
JTO,Extreme Fear,4.817301333333334,14.451904
JTO,Extreme Greed,0.0,0.0
JTO,Fear,5.619,22.476
JTO,Greed,103.51137773170731,8487.932974
JTO,Neutral,-25.382038795454545,-1116.809707
JUP,Extreme Fear,1.9390933333333333,17.45184
JUP,Extreme Greed,8.725789855018586,2347.237471
JUP,Fear,-42.15040910447761,-2824.07741
JUP,Greed,150.11833192361112,43234.079594
JUP,Neutral,12.230165636363637,134.531822
KAITO,Extreme Fear,49.26165120952381,5172.473377
KAITO,Fear,-97.38923908496731,-14900.55358
KAITO,Greed,0.8437969328358209,113.068789
KAITO,Neutral,20.462103558139535,879.870453
LAYER,Fear,88.51677852348993,13189.0
LAYER,Greed,0.0,0.0
LAYER,Neutral,51.100944755244754,7307.4351
LDO,Extreme Fear,0.0,0.0
LDO,Extreme Greed,2.8148716166666667,168.892297
LDO,Fear,2.4420048,36.630072
LDO,Greed,0.7377874285714285,15.493535999999999
LDO,Neutral,9.545118444444444,85.906066
LINK,Extreme Fear,0.0,0.0
LINK,Extreme Greed,0.9901654054054054,109.90836
LINK,Fear,57.78675962121213,3813.926135
LINK,Greed,3.7234578625954198,487.77298
LINK,Neutral,4.858741512820513,189.49091900000002
LISTA,Neutral,2.23487,4.46974
LOOM,Extreme Greed,107.5285275,215.057055
LOOM,Neutral,0.0,0.0
LTC,Extreme Fear,0.0,0.0
LTC,Extreme Greed,15.237197132075472,2422.714344
LTC,Fear,316.43138000000005,3164.3138000000004
LTC,Greed,1.7449084615384616,22.68381
LTC,Neutral,5.47719,16.43157
MANTA,Extreme Greed,14.985301333333332,1303.721216
MANTA,Greed,19.991965555555552,179.92768999999998
MATIC,Extreme Greed,114.4450845,915.560676
MATIC,Greed,-8.220988633333333,-246.629659
MAV,Neutral,0.00945,0.0189
MAVIA,Extreme Greed,112.59726500000001,1801.5562400000001
MAVIA,Fear,40.06217865,3204.974292
MAVIA,Greed,26.507348914285714,1855.514424
MAVIA,Neutral,10.57011431060606,1395.255089
ME,Extreme Greed,1.01167325,24.280158
ME,Fear,76.98959780000001,13858.127604000001
ME,Greed,35.11583722077922,5407.838932
ME,Neutral,-25.218051969230768,-3278.346756
MELANIA,Extreme Fear,218.3389399058296,97379.167198
MELANIA,Extreme Greed,-70.39914285338345,-18726.171999
MELANIA,Fear,99.16832457783376,196849.124287
MELANIA,Greed,59.74857865475223,73550.500324
MELANIA,Neutral,82.596900092,41298.450046
MEME,Extreme Greed,50.29293681690141,3570.798514
MEME,Fear,-8.262227214285714,-115.671181
MEME,Greed,46.61461672222222,839.063101
MEME,Neutral,40.7524965,163.009986
MERL,Greed,-1.58682,-3.17364
MEW,Extreme Greed,3.1181253333333334,28.063128
MEW,Greed,0.0,0.0
MEW,Neutral,4.398952,4.398952
MINA,Greed,24.8380625,198.7045
MKR,Extreme Fear,3.6856715384615386,47.91373
MKR,Fear,53.338284,1333.4571
MKR,Greed,0.2392349090909091,5.263168
MKR,Neutral,0.8470147142857143,29.645515
MNT,Extreme Greed,-2.632147125,-21.057177
MOODENG,Extreme Greed,165.81321867010308,16083.882211
MOODENG,Fear,4.248723,8.497446
MOODENG,Greed,11.354606833333333,68.127641
MOODENG,Neutral,3.420525,6.84105
MORPHO,Extreme Fear,2.530602,25.30602
MORPHO,Extreme Greed,13.2188331,396.56499299999996
MOVE,Extreme Greed,5.68415,11.3683
MOVE,Fear,31.254018294117646,2656.591555
MOVE,Greed,-3.518914566666667,-105.56743700000001
MOVE,Neutral,0.10042360000000002,0.5021180000000001
MYRO,Extreme Greed,3.9381946153846155,51.19653
MYRO,Greed,0.0,0.0
MYRO,Neutral,2.28114,2.28114
NEAR,Extreme Greed,68.88272458823529,12881.069498
NEAR,Greed,31.56630973529412,1073.254531
NEAR,Neutral,1.6059750000000002,3.2119500000000003
NEIROETH,Extreme Greed,34.161578,34.161578
NEIROETH,Greed,0.0,0.0
NIL,Neutral,-14.049883340707964,-3175.273635
NTRN,Extreme Greed,15.8068195,316.13639
NTRN,Greed,15.254354902777777,1098.313553
NTRN,Neutral,26.75845885714286,187.309212
OGN,Neutral,6.793288457364341,1752.668422
OM,Extreme Fear,0.0,0.0
OM,Fear,4.2528486800000005,106.321217
OM,Neutral,-67.80042615384615,-881.40554
ONDO,Extreme Fear,0.0,0.0
ONDO,Extreme Greed,22.29301884818482,6754.784711
ONDO,Fear,12.850544047528517,6759.386169
ONDO,Greed,53.139537999999995,9830.81453
ONDO,Neutral,2.8180218275862066,1225.839495
OP,Extreme Fear,1.5649133333333332,18.778959999999998
OP,Extreme Greed,36.49239496969697,2408.498068
OP,Fear,95.90256220689656,5562.348608
OP,Greed,0.5733316363636364,6.306648
OP,Neutral,3.167872423076923,82.364683
ORDI,Extreme Greed,1.4359136799999999,35.897842
ORDI,Greed,4.549698571428571,63.69578
PAXG,Extreme Fear,1.1548158274509805,588.9560720000001
PAXG,Fear,-0.46070850574712646,-240.48984000000002
PAXG,Neutral,-81.70532429613735,-19037.340561
PENDLE,Extreme Fear,-9.03731672,-1129.6645899999999
PENDLE,Extreme Greed,10.045066935779817,1094.912296
PENDLE,Fear,12.718033527439026,4171.514997
PENDLE,Greed,3.5418962319999996,1328.211087
PENDLE,Neutral,9.858052403508772,2247.635948
PENGU,Extreme Fear,0.0,0.0
PENGU,Extreme Greed,4.166716381987578,1341.682675
PENGU,Fear,-16.98377384782609,-2343.760791
PENGU,Greed,13.90658794736842,5020.278249
PENGU,Neutral,11.642146922330097,1199.141133
PEOPLE,Extreme Greed,360.646005,360.646005
PEOPLE,Neutral,0.0,0.0
PIXEL,Extreme Greed,19.45,311.2
PIXEL,Greed,13.527800000000001,94.69460000000001
PNUT,Extreme Fear,1855.649224,1855.649224
PNUT,Extreme Greed,31.4077196875,2512.6175749999998
PNUT,Greed,19.17567395151515,9491.958606
PNUT,Neutral,98.4738976,984.738976
POLYX,Extreme Greed,44.15240592857143,618.133683
POPCAT,Extreme Fear,0.0,0.0
POPCAT,Extreme Greed,3.183741285714286,44.572378
POPCAT,Fear,16.560698947368422,1887.9196800000002
POPCAT,Greed,-17.81563021415608,-9816.412248
POPCAT,Neutral,-0.08106288347457612,-38.261680999999925
PROMPT,Fear,6.179157848101266,488.15346999999997
PROMPT,Greed,55.14337963888889,1985.161667
PROMPT,Neutral,-9.533896,-95.33896
PURR,Extreme Fear,15.190076727272725,167.09084399999998
PURR,Extreme Greed,31.490535888501746,18075.567600000002
PURR,Fear,25.8415540308642,4186.331753
PURR,Greed,10.521786917460316,3314.362879
PURR,Neutral,7.522074455882353,1023.002126
PURR/USDC,Extreme Fear,-62.336246700000004,-4986.899736
PURR/USDC,Extreme Greed,52.369316495270276,77506.588413
PURR/USDC,Fear,0.2534575828571428,44.355076999999994
PURR/USDC,Greed,17.628207315294116,14983.976218
PURR/USDC,Neutral,-65.0103807037037,-12286.961953
PYTH,Extreme Greed,18.646396,111.878376
PYTH,Fear,0.0,0.0
PYTH,Greed,19.28565762068965,1118.5681419999999
PYTH,Neutral,8.022604783783784,593.672754
RENDER,Extreme Fear,0.436749,4.36749
RENDER,Extreme Greed,25.926644862745096,3966.776664
RENDER,Fear,41.45246371428571,2031.170722
RENDER,Greed,4.332481578947369,82.31715
RENDER,Neutral,5.2087433333333335,15.62623
REQ,Fear,0.2603861052631579,4.947336
REZ,Fear,5.824474285714286,163.08528
RLB,Greed,37.973868,75.947736
RLB,Neutral,0.0,0.0
RNDR,Extreme Greed,75.1703994509804,3833.690372
RNDR,Greed,77.861057488,9732.632186
RSR,Extreme Greed,0.8839186666666666,5.303512
RSR,Fear,6.158762153846154,160.127816
RUNE,Extreme Fear,65.14000813559322,3843.26048
RUNE,Extreme Greed,14.27572389041096,1042.127844
RUNE,Fear,0.8589799999999999,2.5769399999999996
RUNE,Greed,7.301237423076922,1328.8252109999999
RUNE,Neutral,5.5197296,27.598647999999997
S,Extreme Fear,-149.02233766233766,-11474.72
S,Fear,44.95363682539683,2832.0791200000003
S,Neutral,-0.5512095,-2.204838
SAND,Extreme Fear,0.9716528571428571,6.80157
SAND,Extreme Greed,11.638740835051548,1128.957861
SAND,Fear,10.916240447368422,414.817137
SAND,Greed,12.208999255319148,573.822965
SAND,Neutral,5.564899625000001,89.03839400000001
SCR,Extreme Greed,50.40548,1612.97536
SEI,Extreme Greed,0.0008625,0.00345
SEI,Fear,835.6,8356.0
SEI,Greed,-13.182595914285713,-922.781714
SEI,Neutral,16.7189121192053,2524.55573
SHIA,Greed,91.18954766666667,273.568643
SHIA,Neutral,0.0,0.0
SOL,Extreme Fear,56.00612583173589,105179.504312
SOL,Extreme Greed,19.71559259749085,37715.928639
SOL,Fear,189.47222430454778,741594.285928
SOL,Greed,284.7982433650693,451690.01397699997
SOL,Neutral,216.69728189285715,303376.19465
SPX,Extreme Greed,2.422044814814815,65.39521
SPX,Fear,146.943567,2057.209938
SPX,Greed,71.22910104081632,3490.225951
STG,Greed,25.649108571428574,179.54376000000002
STRK,Extreme Greed,3.0960298214285715,86.688835
STRK,Greed,-89.37833333333333,-1608.81
STRK,Neutral,2.372575,4.74515
STX,Extreme Fear,0.0,0.0
STX,Extreme Greed,21.03960419178082,1535.891106
STX,Greed,23.997442999999997,47.994885999999994
STX,Neutral,0.0,0.0
SUI,Extreme Fear,179.87546847791162,44788.991651
SUI,Extreme Greed,52.9675914715262,23252.772656
SUI,Fear,82.17029110691824,26130.152572
SUI,Greed,115.49722473295455,101637.557765
SUI,Neutral,37.19742234408602,3459.360278
SUPER,Extreme Greed,20.992058,20.992058
SUPER,Greed,1.0130062857142856,7.091044
SUPER,Neutral,3.5574000000000003,7.114800000000001
SUSHI,Extreme Greed,4.056755126582279,320.483655
SUSHI,Greed,13.253027047619046,278.313568
SUSHI,Neutral,1.1074503333333332,6.644702
TAO,Extreme Fear,0.0,0.0
TAO,Extreme Greed,26.25546937234043,2468.014121
TAO,Fear,81.02996958940398,12235.525408
TAO,Greed,3.2258607948369566,2374.233545
TAO,Neutral,-3.0213093488372094,-259.832604
TIA,Extreme Greed,16.012555162337662,2465.9334949999998
TIA,Fear,239.3231720588235,8136.9878499999995
TIA,Greed,42.42822885344828,4921.6745470000005
TIA,Neutral,-139.0609798888889,-2503.097638
TNSR,Extreme Fear,0.0,0.0
TNSR,Extreme Greed,4.591014323383085,1845.5877580000001
TNSR,Fear,4.38876215,87.77524299999999
TNSR,Greed,12.240934160493827,2974.547001
TNSR,Neutral,7.629029384615385,198.35476400000002
TON,Extreme Greed,-0.00655417391304349,-0.15074600000000027
TON,Greed,-2.563994857142857,-17.947964
TRUMP,Extreme Fear,174.79581845303866,31638.043139999998
TRUMP,Extreme Greed,-5.754950804444446,-2589.7278620000006
TRUMP,Fear,42.80646971945701,18920.459616
TRUMP,Greed,-848.8526202254902,-432914.836315
TRUMP,Neutral,59.706686178041544,20121.153242
TRX,Extreme Greed,8.377018799999998,670.1615039999999
TST,Greed,-2.6447600447761195,-177.198923
TST,Neutral,36.073400938775514,3535.1932920000004
TURBO,Extreme Greed,155.58123385714288,7623.480459
TURBO,Greed,26.960278970588234,916.649485
UNI,Extreme Fear,6.6825,20.0475
UNI,Extreme Greed,-2.0939662631578946,-39.785359
UNI,Fear,9.605006666666666,28.81502
UNI,Greed,11.599348592592593,313.182412
UNI,Neutral,2.834048,25.506432
UNIBOT,Greed,81.26394225,325.055769
USTC,Extreme Greed,0.29030771739130434,13.354154999999999
USTC,Greed,129.808683,259.617366
USTC,Neutral,36.8608245,73.721649
USUAL,Extreme Fear,-75.39452322857143,-2638.808313
USUAL,Extreme Greed,27.508890229787234,6464.589204
USUAL,Fear,488.2245036382979,45893.103342
USUAL,Greed,87.34538134545456,19215.983896
USUAL,Neutral,49.79107914285714,697.075108
VINE,Extreme Greed,0.9819216,4.9096079999999995
VINE,Fear,6.487571286764706,882.309695
VINE,Greed,0.4461342828282828,44.167294
VINE,Neutral,6.735317182136602,3845.866111
VIRTUAL,Extreme Fear,29.44068303030303,1943.08508
VIRTUAL,Extreme Greed,72.13034013963964,16012.935511
VIRTUAL,Fear,67.81677225454546,3729.922474
VIRTUAL,Greed,-10.50629588888889,-2174.803249
VIRTUAL,Neutral,1.6670846000000001,33.341692
VVV,Fear,34.531530034482756,1001.414371
VVV,Greed,42.80631576923077,556.482105
VVV,Neutral,15.232580046511629,655.000942
W,Extreme Greed,0.904556171779141,294.885312
W,Fear,27.3672775,54.734555
W,Greed,4.686170107692308,1218.404228
W,Neutral,6.4333469999999995,25.733387999999998
WCT,Fear,32.589900425531916,1531.72532
WIF,Extreme Fear,0.0,0.0
WIF,Extreme Greed,72.089824,11462.282016
WIF,Fear,-237.6318999285714,-3326.846599
WIF,Greed,7.508153,743.307147
WIF,Neutral,6.6161384375,105.858215
WLD,Extreme Fear,4.874022,48.74022
WLD,Extreme Greed,26.607149565079368,16762.504226
WLD,Fear,15.255353633333334,1372.981827
WLD,Greed,7.571789781598514,8147.2458050000005
WLD,Neutral,-22.8788244180791,-4049.551922
XAI,Extreme Greed,134.276725875,1074.213807
XRP,Extreme Fear,-14.746725470443353,-11974.341082000003
XRP,Extreme Greed,-0.09942650000000003,-51.90063300000001
XRP,Fear,55.88491554477612,14977.157366
XRP,Greed,4.573773357142857,768.393924
XRP,Neutral,9.3979725,37.59189
YGG,Extreme Fear,0.0,0.0
YGG,Extreme Greed,6.0024768,30.012384
YGG,Fear,54.78004777777778,986.0408600000001
YGG,Greed,0.7160592727272728,7.876652
YGG,Neutral,9.913695,19.82739
ZEN,Greed,-49.17969023333333,-1475.390707
ZEREBRO,Extreme Fear,82.017888,1148.250432
ZEREBRO,Extreme Greed,55.41531606896552,9642.264996
ZEREBRO,Fear,12.70570265079365,800.459267
ZEREBRO,Greed,28.364974631336406,6155.199495
ZEREBRO,Neutral,11.364621554817276,3420.751088
ZETA,Extreme Greed,15.749147904458598,2472.6162209999998
ZETA,Greed,27.39074772151899,2163.86907
ZETA,Neutral,-1.5426433333333334,-13.88379
ZK,Extreme Greed,1.96022186,98.011093
ZK,Greed,0.27426666666666666,1.6456
ZORA,Greed,44.84547914473684,6816.51283
ZRO,Extreme Fear,0.0,0.0
ZRO,Extreme Greed,44.87893625,359.03149
ZRO,Fear,67.2718554117647,3430.864626
ZRO,Greed,124.83984987239585,143815.507053
ZRO,Neutral,1446.8952208,36172.38052
kBONK,Extreme Greed,50.27464945479451,36700.494102
kBONK,Fear,24.736832833333334,742.104985
kBONK,Greed,-2.7242591226415094,-2021.400269
kBONK,Neutral,0.8968721241379308,130.04645799999997
kFLOKI,Extreme Greed,50.21681332258065,1556.721213
kFLOKI,Greed,15.543653999999998,46.630962
kFLOKI,Neutral,4.08395,4.08395
kNEIRO,Greed,2.0399362500000002,8.159745000000001
kNEIRO,Neutral,-2.840308,-2.840308
kPEPE,Extreme Fear,0.23060041666666667,2.767205
kPEPE,Extreme Greed,22.337975618996797,20930.683155
kPEPE,Fear,31.460104487012984,4844.856091
kPEPE,Greed,-14.880395993576018,-6949.144929
kPEPE,Neutral,-0.9510264875000001,-152.164238
kSHIB,Extreme Fear,0.0,0.0
kSHIB,Extreme Greed,8.83221,264.9663
kSHIB,Fear,13.644264,13.644264
kSHIB,Greed,0.0,0.0
kSHIB,Neutral,0.5267,0.5267
