Coin,Avg_PnL,Total_PnL
@107,92.82184979381168,2783912.919016
HYPE,28.65207852012352,1948484.599761
SOL,153.35851908203162,1639555.927506
ETH,118.29887424735615,1319978.838852
BTC,33.30435591766421,868044.732638
MELANIA,88.15516482746162,390351.069856
ENA,219.52475106464647,217329.503554
SUI,100.69168010207176,199268.834922
ZRO,148.3275090306699,183777.783689
DOGE,178.6236761912833,147543.156534
PURR/USDC,27.130878882119685,75261.058019
AIXBT,90.00264822344322,73712.168895
BERA,69.91437057590133,73689.746587
USUAL,116.44137665050167,69631.943237
EIGEN,197.06318894545456,65030.852352
AVAX,239.09561309405942,48297.313845000004
ETHFI,141.2508233890675,43929.006074
JUP,66.62922875310558,42909.223316999996
kBONK,21.585455540983606,35551.245276
JELLY,35.47753653629032,35193.716244
PURR,22.342533557595992,26766.355202
@85,200.80409097727272,26506.140009
ONDO,16.794822218045113,24570.824905
WLD,11.236470073625819,22281.920156
ANIME,32.29887580454545,21317.258031
ZEREBRO,27.52526043953186,21166.925278
LAYER,42.87957133891213,20496.4351
VIRTUAL,34.28856404912281,19544.481508
kPEPE,10.795952187283238,18676.997284
TAO,15.543383059149724,16817.94047
MOODENG,151.09671353271028,16167.348348000001
ME,32.8112703647541,16011.899938
PNUT,25.332703721843004,14844.964381
NEAR,62.589847439461884,13957.535979
RNDR,77.08137817045454,13566.322558
TIA,40.439435571428575,13021.498254
@151,35.75260113888889,11583.842769
SEI,42.37352113191489,9957.777466
APE,14.062731127167629,9731.40994
ARB,65.54136095238096,9634.58006
WIF,31.088584010380625,8984.600779
TURBO,102.89313185542169,8540.129944
MAVIA,27.709060553691273,8257.300045
GOAT,78.29751096153846,8142.94114
OP,46.69535819075145,8078.296967
AI16Z,14.859912348148148,8024.352668
PENDLE,6.6202658695278975,7712.609738
AAVE,12.794885442735042,7485.007984
@142,5.69164222459893,7450.359672
JTO,55.28396396268657,7408.051171
GRIFFAIN,12.619466183274023,7092.139995
FTM,77.70973278651685,6916.166218
FTT,4.429079337820513,6909.363767
ZORA,44.84547914473684,6816.51283
RUNE,19.392512804347827,6244.389123
RENDER,26.069479726495725,6100.258256
INJ,37.466951886075954,5919.778398
ALT,23.577118650602408,5870.702544
LTC,29.456248816753927,5626.143524
SPX,62.36478998888889,5612.831099
@109,270.704207,5414.08414
ILV,33.39059594339623,5309.104755
PENGU,5.628199855447681,5217.341266
TNSR,7.368347425685426,5106.264766
VINE,5.890570540073982,4777.252708
CHILLGUY,21.989742260465118,4727.794586
ZETA,18.86776122857143,4622.601501
LINK,12.960840546478872,4601.098394
MEME,41.65607869158879,4457.20042
XRP,2.117757308342728,3756.901464999999
TST,20.351481024242425,3357.994369
BLUR,42.98883519230769,3353.129145
IP,6.488887215351813,3043.288104
COMP,29.625242357894738,2814.398024
ACE,110.4285964,2760.71491
MOVE,21.00733226229508,2562.894536
@59,55.58925232608696,2557.105607
PROMPT,19.023809416,2377.976177
SAND,10.797258180487805,2213.437927
VVV,26.034087270588234,2212.897418
HPOS,15.83470024,1979.33753
HBAR,8.023143126050421,1909.508064
BIGTIME,36.049885686274514,1838.5441700000001
PYTH,12.242411221476509,1824.119272
OGN,6.793288457364341,1752.668422
APT,15.343771622807019,1749.189965
SCR,50.40548,1612.97536
kFLOKI,45.92674642857143,1607.436125
NTRN,16.179385404040403,1601.759155
W,2.692157910472973,1593.757483
STX,12.3741093125,1583.885992
WCT,32.589900425531916,1531.72532
MANTA,15.454676104166666,1483.648906
BADGER,7.577543331578947,1439.733233
MKR,14.9082054,1416.279513
BIO,7.638307376470588,1298.512254
GRASS,6.235189,1253.272989
XAI,134.276725875,1074.213807
YGG,28.20965637837838,1043.757286
CAKE,17.63528881034483,1022.846751
BRETT,6.608878365517241,958.287363
HYPER,28.208829032258066,874.4737
GMX,5.828614283333334,699.433714
TRX,8.377018799999998,670.1615039999999
MATIC,17.603447815789472,668.931017
BLAST,10.718410576271186,632.386224
POLYX,44.15240592857143,618.133683
SUSHI,5.711716273584905,605.441925
IMX,10.192755471698112,540.2160399999999
DYDX,3.5706257284768212,539.164485
@1,14.610183470588236,496.746238
MORPHO,10.546775325,421.871013
PIXEL,17.647591304347824,405.89459999999997
@74,41.29258322222222,371.633249
@125,12.767743689655173,370.264567
INIT,11.758087096774194,364.5007
PEOPLE,180.3230025,360.646005
UNI,5.701082049180328,347.766005
USTC,6.9338634,346.69317
GMT,3.1599013557692306,328.62974099999997
UNIBOT,81.26394225,325.055769
LDO,2.8157978990825687,306.921971
BNB,1.9435959743589741,303.200972
@37,22.989169307692308,298.859201
kSHIB,7.753812888888888,279.13726399999996
SHIA,54.7137286,273.568643
FET,4.6768448979591835,229.1654
LOOM,43.011410999999995,215.057055
ETC,41.009696000000005,205.04848
AR,15.644784615384614,203.38219999999998
MINA,24.8380625,198.7045
DOT,2.6147012567567565,193.48789299999999
CYBER,95.7648,191.5296
GALA,4.491171317073171,184.138024
STG,25.649108571428574,179.54376000000002
RSR,5.169729,165.431328
REZ,5.824474285714286,163.08528
@8,0.589567134057971,162.720529
DYM,6.467965421052632,122.891343
ZK,1.7795838035714286,99.656693
ORDI,2.5536826153846155,99.593622
BABY,32.909933333333335,98.7298
AI,1.8593363921568626,94.826156
ATOM,1.116889417721519,88.234264
RLB,18.986934,75.947736
@53,16.966176750000002,67.86470700000001
@35,16.75703175,67.028127
GAS,30.30695,60.6139
MYRO,3.5651780000000004,53.47767
@138,12.737671,50.950684
@47,12.5783645,50.313458
@103,5.508290857142858,38.558036
@41,7.347688,36.73844
@153,0.34526536274509806,35.217067
SUPER,3.5197902,35.197902
NEIROETH,17.080789,34.161578
@38,3.6968881111111114,33.271993
@31,11.070757666666667,33.212273
MEW,2.705173333333333,32.46208
@100,6.9067855,27.627142
ARK,0.755258,27.189288
ALGO,2.6233600000000004,18.36352
@113,3.385244,16.92622
@93,7.977398,15.954796
@36,5.221024333333333,15.663073
@33,3.39173225,13.566929
BOME,1.5310127500000001,12.248102000000001
@39,6.119278,12.238556
@40,1.3499647777777777,12.149683
kNEIRO,1.0638874,5.319437000000001
REQ,0.2603861052631579,4.947336
@20,0.12148943589743588,4.738087999999999
@117,1.15792225,4.631689
LISTA,2.23487,4.46974
@116,0.3445898,1.722949
@114,0.6545385,1.309077
@152,0.006818159090909091,0.599998
@3,0.020109304347826085,0.462514
MAV,0.00945,0.0189
@46,0.0,0.0
@17,0.0,0.0
@18,0.0,0.0
@42,0.0,0.0
@34,0.0,0.0
@21,0.0,0.0
@28,0.0,0.0
@15,0.0,0.0
@19,0.0,0.0
@123,0.0,0.0
@14,0.0,0.0
@12,0.0,0.0
@11,0.0,0.0
@30,0.0,0.0
@32,0.0,0.0
@25,0.0,0.0
@23,0.0,0.0
@68,0.0,0.0
@7,0.0,0.0
@44,0.0,0.0
@45,0.0,0.0
@48,0.0,0.0
@86,0.0,0.0
@6,0.0,0.0
@61,0.0,0.0
@78,0.0,0.0
@24,-0.0009786666666666665,-0.002936
@16,-0.01510725,-0.060429
@10,-0.015871,-0.063484
@29,-0.013062333333333334,-0.078374
@13,-0.04126333333333333,-0.12379
@26,-0.025801799999999996,-0.25801799999999997
@2,-0.1815892,-0.907946
IOTA,-0.350692,-2.454844
MERL,-1.58682,-3.17364
ENS,-1.7803399999999998,-7.121359999999999
BNT,-1.760528,-17.60528
TON,-0.6032903333333334,-18.09871
@63,-10.331773,-20.663546
MNT,-2.632147125,-21.057177
@95,-14.7190305,-29.438061
FIL,-7.055718000000001,-35.27859
@49,-8.1424434,-40.712216999999995
@112,-7.444960571428571,-52.114723999999995
@9,-19.521629666666666,-58.564889
BANANA,-10.185648500000001,-81.48518800000001
@4,-0.10843387231638418,-95.963977
FXS,-1.2072248712871287,-121.92971200000001
@124,-16.0754845,-128.603876
CANTO,-18.849813000000005,-188.49813000000003
@51,-1.5039844363636363,-330.876576
@147,-70.1265388,-350.632694
OM,-18.025216813953488,-775.0843229999999
@83,-30.212037638888887,-1087.633355
CRV,-9.05596018115942,-1249.722505
ZEN,-49.17969023333333,-1475.390707
STRK,-31.6120003125,-1517.376015
NIL,-14.049883340707964,-3175.273635
@135,-5981.36399,-5981.36399
POPCAT,-6.876893985243055,-7922.181871
S,-60.033650819444446,-8644.845718
KAITO,-20.080783818390803,-8735.140961
PAXG,-14.773813698814228,-18688.874329
IO,-62.198609426136365,-21893.910518
ADA,-48.38805846815835,-28113.46197
FARTCOIN,-21.653164125806452,-100687.213185
TRUMP,-190.01297300989583,-364824.908179
